"llave","folio_sist","tipo_resid","consec_residuo","nombre_residuo","cantidad_resid","unidad_resid","otra_unidad","cant_r_no_comes","unid_r_no_comes","otra_ur_no_comes","t_colecta","otro_t_colecta","causa_desecho","destino","cant_banco","unidad_banco","otro_destino","autoriza_imag","imagen_resid","id_denue","nombre_establecimiento","personas_ocupadas","tipo_actividad","tipo_unidad_economica","sector_scian"
"36-30-92-16","0067b955987542138ef6b5793b5e1d0a",3,1,"pellejo hueso",35,2,,35,2,,2,,"no sé venden",2,"NA","NA",,1,"imagen_res___3-0.jpg",20185,"POLLERÍA EL GALLO DE ORO","0 a 5 personas","Comercio al por menor de carnes rojas / aves ","Semifijo","Terciario"
"25-21-49-04","00c8ce64fe7d434f84d64e961f545a79",5,1,"mezcla","NA","NA",,"NA","NA",,"NA",,,8,"NA","NA","Regalado",1,"imagen_res___5-0.jpg",9013,"GORDITAS GABY","0 a 5 personas","Restaurantes / servicio de preparación de alimentos / Cafeterías y similares","Semifijo","Terciario"
"25-21-49-04","00c8ce64fe7d434f84d64e961f545a79",5,2,"residuos varios",2,2,,2,2,,1,,"Lo que no se vende",8,"NA","NA","Regalado a los empleados",2,,9013,"GORDITAS GABY","0 a 5 personas","Restaurantes / servicio de preparación de alimentos / Cafeterías y similares","Semifijo","Terciario"
"77-06-67-30","11f1b33a479b47a1b69e19f94e022a64",1,1,"mezcla vegetales",2,2,,2,2,,1,,"no es parte del proceso",4,"NA","NA",,1,"imagen_res___1-0.jpg",99999005,"NA","NA","NA","NA","NA"
"77-06-67-30","11f1b33a479b47a1b69e19f94e022a64",2,1,"aceite vegetal quemado",2,4,,2,4,,5,"cada 2 días","el aceite ya está usado",8,"NA","NA","lo regala",2,,99999005,"NA","NA","NA","NA","NA"
"65-43-42-69","1011c2eddf2b4896b6c5a3a39ccbadaf",1,1,"jitomate",15,2,,0,"NA",,2,,"humedad y el calor",8,"NA","NA","lo dona a gente, y lo tira cuando de plano ya no sirve",1,"imagen_res___1-0.jpg",20163,"PUESTO DE VERDURA SIN NOMBRE","0 a 5 personas","Comercio al por menor de frutas y verduras frescas","Fijo","Terciario"
"65-43-42-69","1011c2eddf2b4896b6c5a3a39ccbadaf",1,2,"pepino",2,2,,2,2,,2,,"maduración",4,"NA","NA",,2,,20163,"PUESTO DE VERDURA SIN NOMBRE","0 a 5 personas","Comercio al por menor de frutas y verduras frescas","Fijo","Terciario"
"65-43-42-69","1011c2eddf2b4896b6c5a3a39ccbadaf",1,3,"Guayaba",6,2,,0,"NA",,2,,"maduración",8,"NA","NA","donación",1,"imagen_res___1-2.jpg",20163,"PUESTO DE VERDURA SIN NOMBRE","0 a 5 personas","Comercio al por menor de frutas y verduras frescas","Fijo","Terciario"
"50-22-36-53","16b9280b8d654643a96a5f4370d6e720",3,1,"pollo",20,2,,0,"NA",,1,,"huso y pellejo",8,"NA","NA","gente compra y no saben el destino final",2,,24392,"POLLERÍA LA PRINCIPAL","6 a 10 personas","Comercio al por menor de carnes rojas / aves ","Fijo","Terciario"
"50-22-36-53","16b9280b8d654643a96a5f4370d6e720",3,2,"huevo",2,5,"piezas",2,5,"piezas",5,"eventualmente","rotos",4,"NA","NA",,2,,24392,"POLLERÍA LA PRINCIPAL","6 a 10 personas","Comercio al por menor de carnes rojas / aves ","Fijo","Terciario"
"08-86-84-51","191252af015d45139bdae2e9445d0055",3,1,"res y cerdo",10,2,,0,"NA",,2,,"huesos y pellejos",8,"NA","NA","lo venden",1,"##N/A##",20562,"OBRADOR SAN FERNANDO","0 a 5 personas","Comercio al por menor de carnes rojas / aves ","Fijo","Terciario"
"08-86-84-51","191252af015d45139bdae2e9445d0055",3,2,"pollo",2,2,,2,2,,1,,"huacal y pellejo",2,"NA","NA",,1,"##N/A##",20562,"OBRADOR SAN FERNANDO","0 a 5 personas","Comercio al por menor de carnes rojas / aves ","Fijo","Terciario"
"54-31-39-72","25e3002992ec48679df3270aea8b3662",1,1,"calabaza",15,2,,6,2,,1,,"por la humedad",2,"NA","NA",,1,"##N/A##",49786,"CHARLIS FRUIT","6 a 10 personas","Comercio al por mayor de frutas y verduras frescas","Fijo","Terciario"
"54-31-39-72","25e3002992ec48679df3270aea8b3662",1,2,"coliflor",7,2,,7,2,,1,,"humedad del clima",2,"NA","NA",,1,"##N/A##",49786,"CHARLIS FRUIT","6 a 10 personas","Comercio al por mayor de frutas y verduras frescas","Fijo","Terciario"
"54-31-39-72","25e3002992ec48679df3270aea8b3662",1,3,"brocoli",7,2,,7,2,,1,,"humedad x clima",2,"NA","NA",,1,"##N/A##",49786,"CHARLIS FRUIT","6 a 10 personas","Comercio al por mayor de frutas y verduras frescas","Fijo","Terciario"
"07-42-68-66","35f3597b869c44b982828854148c49fd",4,1,"recorte de jamón",5,2,,"NA","NA",,2,,"próximo a caducar",8,"NA","NA","lo vende",1,"imagen_res___4-0.jpg",36324,"CREMERIA NUEVA TERAN","11 a 30 personas","Comercio al por menor de leche, otros productos lácteos y embutidos","Fijo","Terciario"
"70-77-87-59","3c92d73814b84f5eb49695b657083cb8",3,1,"hueso de pollo",100,2,,100,2,,2,,"ya no escomestible",8,"NA","NA","vende",1,"imagen_res___3-0.jpg",34097,"POLLERÍA POLLOS TALIVAN","0 a 5 personas","Comercio al por menor de carnes rojas / aves ","Fijo","Terciario"
"55-95-73-76","43382bb17dff47429221517d606ceac1",3,1,"cerdo",50,2,,10,2,,1,,"procesamiento del producto",2,"NA","NA",,1,"##N/A##",49779,"CHICHARONERA LOS AZULEJOS","0 a 5 personas","Industria alimentaria","Fijo","Secundario"
"04-59-39-62","43e26796f47645288e6e6a806ea76592",1,1,"naranja",200,2,,50,2,,2,,"basura podrido",4,"NA","NA",,1,"imagen_res___1-0.jpg",11999,"COMERCIO AL POR MAYOR DE FRUTAS Y VERDURAS FRESCAS","0 a 5 personas","Comercio al por mayor de frutas y verduras frescas","Fijo","Terciario"
"24-07-91-89","46294dbd8881403596f29085c5afcef5",1,1,"jitomate",10,2,,5,2,,1,,"se echan a perder",4,"NA","NA",,2,,99999143,"NA","NA","NA","NA","NA"
"73-95-78-35","4a7f065e1e2243dd8a05d52fb98f430b",1,1,"mezcla vegetales",300,1,,0,"NA",,1,,"se echa a perder",4,"NA","NA",,1,"imagen_res___1-0.jpg",18290,"CARNICERÍA LA MINGA","0 a 5 personas","Comercio al por menor de carnes rojas / aves ","Fijo","Terciario"
"73-95-78-35","4a7f065e1e2243dd8a05d52fb98f430b",3,1,"huesos",30,2,,0,"NA",,1,,"no sé ocupa para su venta",8,"NA","NA","los regala",2,,18290,"CARNICERÍA LA MINGA","0 a 5 personas","Comercio al por menor de carnes rojas / aves ","Fijo","Terciario"
"56-17-32-17","486df450df8145118f5796b2a954f5d6",3,1,"cerdo",100,2,,100,2,,1,,"hueso",8,"NA","NA","alguien se lo lleva",1,"imagen_res___3-0.jpg",25805,"CARNES SUPREMA EL RECREO","6 a 10 personas","Comercio al por menor de carnes rojas / aves ","Fijo","Terciario"
"56-17-32-17","486df450df8145118f5796b2a954f5d6",3,2,"pollo",1500,1,,1500,1,,1,,"desperdicio de hueso y pellejo",8,"NA","NA","se los lleva una persona",2,,25805,"CARNES SUPREMA EL RECREO","6 a 10 personas","Comercio al por menor de carnes rojas / aves ","Fijo","Terciario"
"56-17-32-17","486df450df8145118f5796b2a954f5d6",3,3,"##N/A##","NA","NA",,"NA","NA",,"NA",,,"NA","NA","NA",,"NA",,25805,"CARNES SUPREMA EL RECREO","6 a 10 personas","Comercio al por menor de carnes rojas / aves ","Fijo","Terciario"
"38-93-12-09","58483686d83a474f81a3c45a41c88bbf",1,1,"jitomate",1,2,,1,2,,2,,"porque  se pudre",4,"NA","NA",,2,,13473,"CARNICERÍA NAJERA","0 a 5 personas","Comercio al por menor de carnes rojas / aves ","Fijo","Terciario"
"38-93-12-09","58483686d83a474f81a3c45a41c88bbf",3,1,"pollo y carne rojas",8,2,,8,2,,2,,"pellejo y grasa",8,"NA","NA","donación a una persona",2,,13473,"CARNICERÍA NAJERA","0 a 5 personas","Comercio al por menor de carnes rojas / aves ","Fijo","Terciario"
"59-89-02-75","5e9e1c3f1fd8410aafbc30eebf22578d",2,1,"harina",0,"NA",,"NA","NA",,"NA",,,2,"NA","NA",,2,,20089,"INTEGRALES VIVA MÁS","11 a 30 personas","Panificación tradicional / Elaboración de galletas y pastas para sopa ","Fijo","Secundario"
"59-89-02-75","5e9e1c3f1fd8410aafbc30eebf22578d",3,1,"leche",0,"NA",,"NA","NA",,"NA",,,"NA","NA","NA",,"NA",,20089,"INTEGRALES VIVA MÁS","11 a 30 personas","Panificación tradicional / Elaboración de galletas y pastas para sopa ","Fijo","Secundario"
"59-89-02-75","5e9e1c3f1fd8410aafbc30eebf22578d",3,2,"huevo",0,"NA",,"NA","NA",,"NA",,,"NA","NA","NA",,"NA",,20089,"INTEGRALES VIVA MÁS","11 a 30 personas","Panificación tradicional / Elaboración de galletas y pastas para sopa ","Fijo","Secundario"
"53-85-34-21","617c1795cc3846228b924cf3246acb95",4,1,"manteca",100,2,,100,2,,4,,"reciclada",8,"NA","NA","convierte en bio diésel",2,,12291,"EMPACADORA SAN FRANCISCO","0 a 5 personas","Comercio al por menor de otros alimentos","Fijo","Terciario"
"53-27-23-59","66fce4e079a94f7693191d79cf6ce2a5",2,1,"jitomate",1,2,,500,1,,2,,"maduración pronta",8,"NA","NA","regala",2,,6322,"NA","NA","NA","NA","NA"
"53-27-23-59","66fce4e079a94f7693191d79cf6ce2a5",2,2,"carne",500,1,,400,1,,1,,"no sé lo comen",4,"NA","NA",,2,,6322,"NA","NA","NA","NA","NA"
"96-57-45-57","6768cacb96514fe78104388a2824d58b",3,1,"cebo de la tripa de res",500,1,,500,1,,2,,"no tiene uso para ellos",8,"NA","NA","Lo vende",1,"imagen_res___3-0.jpg",34012,"GONVI PROCESADORA Y COMERCIALIZADORA DE CARNES Y VISCERAS","0 a 5 personas","Comercio al por mayor de carnes","Fijo","Terciario"
"96-57-45-57","6768cacb96514fe78104388a2824d58b",3,2,"higado",10,2,,10,2,,2,,"se echa a perder rápidamente",8,"NA","NA","lo regala",2,,34012,"GONVI PROCESADORA Y COMERCIALIZADORA DE CARNES Y VISCERAS","0 a 5 personas","Comercio al por mayor de carnes","Fijo","Terciario"
"96-57-45-57","6768cacb96514fe78104388a2824d58b",3,3,"huesos",300,2,,300,2,,2,,"no tienen uso para eso",8,"NA","NA","lo regalan",2,,34012,"GONVI PROCESADORA Y COMERCIALIZADORA DE CARNES Y VISCERAS","0 a 5 personas","Comercio al por mayor de carnes","Fijo","Terciario"
"53-49-26-41","82eb3f4759634438993e880cd877a38d",1,1,"varias","NA","NA",,"NA","NA",,"NA",,,8,"NA","NA","animales",1,"imagen_res___1-0.jpg",9015,"FRUTAS Y VERDURAS SG","0 a 5 personas","Comercio al por menor de frutas y verduras frescas","Fijo","Terciario"
"12-72-69-88","81481e6110c141f18cd478542e3a0c6d",1,1,"calabaza","NA","NA",,"NA","NA",,"NA",,,7,"NA","NA",,2,,9016,"FRUTAS Y LEGUMBRES SIN NOMBRE","0 a 5 personas","Comercio al por mayor de frutas y verduras frescas","Fijo","Terciario"
"12-72-69-88","81481e6110c141f18cd478542e3a0c6d",1,2,"jitomate","NA","NA",,"NA","NA",,"NA",,,7,"NA","NA",,2,,9016,"FRUTAS Y LEGUMBRES SIN NOMBRE","0 a 5 personas","Comercio al por mayor de frutas y verduras frescas","Fijo","Terciario"
"12-72-69-88","81481e6110c141f18cd478542e3a0c6d",1,3,"zanahoria","NA","NA",,"NA","NA",,"NA",,,7,"NA","NA",,2,,9016,"FRUTAS Y LEGUMBRES SIN NOMBRE","0 a 5 personas","Comercio al por mayor de frutas y verduras frescas","Fijo","Terciario"
"12-72-69-88","81481e6110c141f18cd478542e3a0c6d",1,4,"forraje de la verdura o fruta","NA","NA",,"NA","NA",,"NA",,,2,"NA","NA",,2,,9016,"FRUTAS Y LEGUMBRES SIN NOMBRE","0 a 5 personas","Comercio al por mayor de frutas y verduras frescas","Fijo","Terciario"
"58-14-84-28","6c156cf9c02744fe996adb3460d4110f",1,1,"zanahoria",2,2,,2,2,,5,"anual","cascaras",2,"NA","NA",,2,,30783,"EVENTOS Y BANQUETES MUROS","0 a 5 personas","Servicios de preparación de alimentos para ocasiones especiales","Fijo","Terciario"
"58-14-84-28","6c156cf9c02744fe996adb3460d4110f",1,2,"brocoli",0,"NA",,"NA","NA",,"NA",,,"NA","NA","NA",,"NA",,30783,"EVENTOS Y BANQUETES MUROS","0 a 5 personas","Servicios de preparación de alimentos para ocasiones especiales","Fijo","Terciario"
"58-14-84-28","6c156cf9c02744fe996adb3460d4110f",1,3,"coliflor",0,"NA",,"NA","NA",,"NA",,,"NA","NA","NA",,"NA",,30783,"EVENTOS Y BANQUETES MUROS","0 a 5 personas","Servicios de preparación de alimentos para ocasiones especiales","Fijo","Terciario"
"58-14-84-28","6c156cf9c02744fe996adb3460d4110f",3,1,"pollo",1,2,,1,2,,5,"anual","pellejos y huesos",2,"NA","NA",,2,,30783,"EVENTOS Y BANQUETES MUROS","0 a 5 personas","Servicios de preparación de alimentos para ocasiones especiales","Fijo","Terciario"
"58-14-84-28","6c156cf9c02744fe996adb3460d4110f",5,1,"sobras de platillos servidos",200,2,,0,"NA",,5,"anual","sobras revueltas",2,"NA","NA",,2,,30783,"EVENTOS Y BANQUETES MUROS","0 a 5 personas","Servicios de preparación de alimentos para ocasiones especiales","Fijo","Terciario"
"98-38-33-96","8423170f4ace4aef9363def78726a00c",1,1,"jitomate",5,2,,3,2,,1,,"exceso de madurez",8,"NA","NA","uso de las personas alcohólicas",1,"imagen_res___1-0.jpg",99999007,"NA","NA","NA","NA","NA"
"98-38-33-96","8423170f4ace4aef9363def78726a00c",1,2,"piña",7,2,,0,"NA",,2,,"piña golpeada",8,"NA","NA","La recoge la gente",1,"##N/A##",99999007,"NA","NA","NA","NA","NA"
"92-86-79-74","8dc359d772ee499db97737d90ca5f66d",1,1,"ajo",1,2,,1,2,,4,,"pudre",4,"NA","NA",,"NA",,12241,"BODEGA SAN JUAN","0 a 5 personas","Comercio al por mayor de semillas y granos alimenticios, especias, chiles secos, leche y otros productos lácteos ","Fijo","Terciario"
"92-86-79-74","8dc359d772ee499db97737d90ca5f66d",5,1,"latas, conservas",0,"NA",,"NA","NA",,"NA",,,"NA","NA","NA",,"NA",,12241,"BODEGA SAN JUAN","0 a 5 personas","Comercio al por mayor de semillas y granos alimenticios, especias, chiles secos, leche y otros productos lácteos ","Fijo","Terciario"
"66-30-95-73","ab6f684c53834c4e95c4ff4daee2eabd",1,1,"melón",2,2,,2,2,,1,,"maduración rápida por la lluvia",8,"NA","NA","regalando al centro de rehabilitación","NA",,10959,"NA","NA","NA","NA","NA"
"66-30-95-73","ab6f684c53834c4e95c4ff4daee2eabd",1,2,"sandía",7,2,,7,"NA",,5,"tercer día","7",8,"NA","NA","centro de Rehabilitación","NA",,10959,"NA","NA","NA","NA","NA"
"66-30-95-73","ab6f684c53834c4e95c4ff4daee2eabd",1,3,"papaya",3,2,,3,2,,1,,"producto de exhibición",8,"NA","NA","centro de rehabilitación",1,"imagen_res___1-2.jpg",10959,"NA","NA","NA","NA","NA"
"75-88-19-43","a1aab12e404740e8bc0ca06bcb53ac65",1,1,"papa",2,2,,2,2,,1,,"cáscaras",2,"NA","NA",,2,,497861,"NA","NA","NA","NA","NA"
"75-88-19-43","a1aab12e404740e8bc0ca06bcb53ac65",1,2,"zanahoria",1500,1,,1500,1,,1,,"cáscara",2,"NA","NA",,2,,497861,"NA","NA","NA","NA","NA"
"75-88-19-43","a1aab12e404740e8bc0ca06bcb53ac65",3,1,"pollo",2,2,,2,2,,1,,"partes no comestibles",2,"NA","NA",,2,,497861,"NA","NA","NA","NA","NA"
"75-88-19-43","a1aab12e404740e8bc0ca06bcb53ac65",5,1,"restos de comida",1,5,"bote de 20 litros, de los cuales la mitad son de otro.",1,5,"Bote de 20 litros de los cuales la mitad es de otro.",1,,"restos de comida",2,"NA","NA",,2,,497861,"NA","NA","NA","NA","NA"
"57-21-47-06","abdfff92309f48b48d5d170ac43c432b",3,1,"varios",6,2,,0,"NA",,1,,"desperdicio",2,"NA","NA",,1,"imagen_res___3-0.jpg",9480,"SUPER POLLERIAS KILO POLLO","0 a 5 personas","Comercio al por menor de carnes rojas / aves ","Fijo","Terciario"
"45-09-09-57","a64f864a2448412b96b4df92169f805b",1,1,"varios",5,2,,0,"NA",,1,,"desohojo",8,"NA","NA","regalo a un señor",1,"imagen_res___1-0.jpg",9468,"FRUTERÍA DON BOSCO","0 a 5 personas","Comercio al por menor de frutas y verduras frescas","Fijo","Terciario"
"24-83-47-64","b747f0353a5f4b28836986150022b095",3,1,"cerdo",50,2,,0,"NA",,2,,"##N/A##",8,"NA","NA","otras personas lo compran",1,"imagen_res___3-0.jpg",6709385,"OBRADOR VIÑEDOS","0 a 5 personas","Comercio al por menor de carnes rojas / aves ","Fijo","Terciario"
"24-83-47-64","b747f0353a5f4b28836986150022b095",3,2,"##N/A##","NA","NA",,"NA","NA",,"NA",,,"NA","NA","NA",,"NA",,6709385,"OBRADOR VIÑEDOS","0 a 5 personas","Comercio al por menor de carnes rojas / aves ","Fijo","Terciario"
"24-83-47-64","b747f0353a5f4b28836986150022b095",3,3,"##N/A##","NA","NA",,"NA","NA",,"NA",,,"NA","NA","NA",,"NA",,6709385,"OBRADOR VIÑEDOS","0 a 5 personas","Comercio al por menor de carnes rojas / aves ","Fijo","Terciario"
"00-92-24-77","bcbf247742134c8982a15c15fdf9c0ef",1,1,"papa",50,2,,"NA","NA",,1,,"podrido",4,"NA","NA",,1,"imagen_res___1-0.jpg",25611,"TENABRI S DE RL DE CV","0 a 5 personas","Cultivo de frutas / vegetales","Fijo","Primario"
"23-97-42-63","cff52c5c9a094e99b0b6ed2a8c3b7aff",1,1,"mezcla verduras y frutas",4,2,,0,"NA",,1,,"residuos de vegetales y frutas",4,"NA","NA",,1,"imagen_res___1-0.jpg",1819,"CENDI OLIVARES SANTANA","31 a 50 personas","Guarderías del sector privado o público","Fijo","Terciario"
"23-97-42-63","cff52c5c9a094e99b0b6ed2a8c3b7aff",4,1,"residuos de comida",1,2,,0,"NA",,1,,"comida que dejan los niños",4,"NA","NA",,1,"imagen_res___4-0.jpg",1819,"CENDI OLIVARES SANTANA","31 a 50 personas","Guarderías del sector privado o público","Fijo","Terciario"
"67-37-55-52","c1e69af3d7f84744b9d45ba7db94f01c",1,1,"jitomate",2,2,,2,2,,2,,"echado a perder",4,"NA","NA",,1,"imagen_res___1-0.jpg",34165,"POLLERÍA ARA","0 a 5 personas","Comercio al por menor de carnes rojas / aves ","Fijo","Terciario"
"67-37-55-52","c1e69af3d7f84744b9d45ba7db94f01c",1,2,"cáscara y gabazo de naranja",4,2,,4,2,,1,,"es cáscara",4,"NA","NA",,2,,34165,"POLLERÍA ARA","0 a 5 personas","Comercio al por menor de carnes rojas / aves ","Fijo","Terciario"
"67-37-55-52","c1e69af3d7f84744b9d45ba7db94f01c",3,1,"pollo",5,2,,5,2,,1,,"es desecho",2,"NA","NA",,2,,34165,"POLLERÍA ARA","0 a 5 personas","Comercio al por menor de carnes rojas / aves ","Fijo","Terciario"
"24-69-38-16","d42fee3376704b98a4fbb89433bc7454",1,1,"chile seco",1,2,,1,2,,2,,"rabo y semillas",4,"NA","NA",,2,,35672,"VENTA DE MOLE EN POLVO SIN NOMBRE","0 a 5 personas","Industria alimentaria","Fijo","Secundario"
"24-69-38-16","d42fee3376704b98a4fbb89433bc7454",2,1,"mezcla de todos los ingredientes",1,2,,0,"NA",,1,,"por limpieza del molino",8,"NA","NA","donación",2,,35672,"VENTA DE MOLE EN POLVO SIN NOMBRE","0 a 5 personas","Industria alimentaria","Fijo","Secundario"
"24-69-38-16","d42fee3376704b98a4fbb89433bc7454",2,2,"aceite vegetal",1500,5,"Mililitros",1500,5,"mililitros",4,,"ya está en la última etapa de reciclado",4,"NA","NA",,2,,35672,"VENTA DE MOLE EN POLVO SIN NOMBRE","0 a 5 personas","Industria alimentaria","Fijo","Secundario"
"24-69-38-16","d42fee3376704b98a4fbb89433bc7454",2,3,"mole en estanteria",1500,1,,0,"NA",,5,"anual","por fecha de caducidad",8,"NA","NA","para donación o consumo propio",2,,35672,"VENTA DE MOLE EN POLVO SIN NOMBRE","0 a 5 personas","Industria alimentaria","Fijo","Secundario"
"40-37-10-26","bec2e02e479f4c3b88addec27ab864f7",1,1,"orgánicos",1,5,"bote de 50 litros",1,5,"bote",1,,"son cáscaras y verduras",4,"NA","NA",,1,"imagen_res___1-0.jpg",13347,"ESTANCIA DE BIENESTAR INFANTIL ISSSSPEA","51 a 100 personas","Guarderías del sector privado o público","Fijo","Terciario"
"40-37-10-26","bec2e02e479f4c3b88addec27ab864f7",5,1,"agua de frutas",2,4,,2,4,,1,,"sobras de los vasos de los niños en la comida",1,"NA","NA",,1,"##N/A##",13347,"ESTANCIA DE BIENESTAR INFANTIL ISSSSPEA","51 a 100 personas","Guarderías del sector privado o público","Fijo","Terciario"
"58-77-79-42","d06af6f3a0554c81b2854aad1c2547c3",2,1,"cereales y semillas",0,"NA",,"NA","NA",,"NA",,,8,"NA","NA","lo colocan más barato o se regresan a la matriz",2,,12227,"ESPECIAS MOY","0 a 5 personas","Comercio al por mayor de semillas y granos alimenticios, especias, chiles secos, leche y otros productos lácteos ","Fijo","Terciario"
"14-33-22-22","c4924dc6464247c39da44ccee5a6970c",1,1,"panadería y organico",600,2,,0,"NA",,4,,"no se venden",8,"NA","NA","Fundacion Emmanuel (orfanato)",2,,6281950,"CHEDRAUI AGUASCALIENTES ASUNCIÓN","101 a 250 personas","Comercio al por menor en supermercados","Fijo","Terciario"
"14-33-22-22","c4924dc6464247c39da44ccee5a6970c",3,1,"carnicería",300,2,,300,2,,4,,"Es la grasa y los huesos que arroja la carne",8,"NA","NA","un vendedor",2,,6281950,"CHEDRAUI AGUASCALIENTES ASUNCIÓN","101 a 250 personas","Comercio al por menor en supermercados","Fijo","Terciario"
"13-35-20-12","da3b7c37368a4e6c9f34941ca0d2e76a",2,1,"conservas",0,"NA",,"NA","NA",,"NA",,,"NA","NA","NA",,"NA",,12283,"CREMERIA DE ALBA AGROPECUARIO S DE RL DE CV","11 a 30 personas","Comercio al por mayor de semillas y granos alimenticios, especias, chiles secos, leche y otros productos lácteos ","Fijo","Terciario"
"13-35-20-12","da3b7c37368a4e6c9f34941ca0d2e76a",4,1,"carnes frías",2,2,,2,2,,2,,"echados a perder",4,"NA","NA",,2,,12283,"CREMERIA DE ALBA AGROPECUARIO S DE RL DE CV","11 a 30 personas","Comercio al por mayor de semillas y granos alimenticios, especias, chiles secos, leche y otros productos lácteos ","Fijo","Terciario"
"73-57-70-18","e532888b76c2445eae4eec9b5b2cc958",3,1,"huevo",2,5,"cajas",2,5,"cajas",5,"esporádico, no precisa tiempo","cascarón estrellado",4,"NA","NA",,2,,6281404,"PRODUCTORA AVICOLA DEL CENTRO","6 a 10 personas","Comercio al por mayor de carnes","Fijo","Terciario"
"14-07-53-67","0735e088014d4c52a6987c050f8d53b7",1,1,"cascara naranja zanahoria",30,2,,30,2,,1,,"preparacipn jugos",2,"NA","NA",,1,"imagen_res___1-0.jpg",99999432,"NA","NA","NA","NA","NA"
"39-41-44-09","e62edcc64eb3428497151064dd4ea67a",1,1,"mezcla de varios tipos de chiles,cebolla,jitomate, zanahorias, ajos.",1,5,"un tercio de bote diario",1,5,"tercio de bote",1,,"echados a perder",8,"NA","NA","Lo regala",1,"imagen_res___1-0.jpg",9000,"FRUTERÍA PÉREZ","0 a 5 personas","Comercio al por menor de frutas y verduras frescas","Fijo","Terciario"
"49-74-24-12","01a975d0dae644d596e6817ad486e57c",5,1,"frutas",5,2,,5,2,,1,,"son cáscaras de Fruta",4,"NA","NA",,2,,4899,"ESTANCIA DE BIENESTAR INFANTIL 21","101 a 250 personas","Guarderías del sector privado o público","Fijo","Terciario"
"49-74-24-12","01a975d0dae644d596e6817ad486e57c",5,2,"vegetales",5,2,,5,2,,1,,"basura",4,"NA","NA",,1,"imagen_res___5-1.jpg",4899,"ESTANCIA DE BIENESTAR INFANTIL 21","101 a 250 personas","Guarderías del sector privado o público","Fijo","Terciario"
"49-74-24-12","01a975d0dae644d596e6817ad486e57c",5,3,"desecho de comida procesada",3,2,,3,2,,1,,"Los niños ya no se lo comen",8,"NA","NA","Lo vacían a la trituradora",2,,4899,"ESTANCIA DE BIENESTAR INFANTIL 21","101 a 250 personas","Guarderías del sector privado o público","Fijo","Terciario"
"43-11-23-41","07525eca43bb4e9b9721e775c4734cf7",1,1,"Hojas de elote",20,2,,20,2,,1,,"Desojar el elote",2,"NA","NA",,1,"imagen_res___1-0.jpg",99999435,"NA","NA","NA","NA","NA"
"83-39-13-04","04b965f9cb8f4f5cb1b58c8ab4a2e5dd",1,1,"Jitomate",1,2,,1,2,,2,,"Compras de mas",4,"NA","NA",,2,,8225,"RESTAURANTE KIMURA","0 a 5 personas","Restaurantes / servicio de preparación de alimentos / Cafeterías y similares","Fijo","Terciario"
"95-15-08-97","0ac1c503ded944d2bc280d4961ae0dfc",1,1,"plátano, pera y papaya",3,2,,0,"NA",,1,,"maduración y presentación",8,"NA","NA","los regala",2,,99999133,"NA","NA","NA","NA","NA"
"32-04-68-91","0e5dcf441b06430296cf2dbd91052e96",1,1,"varios",2,5,"costales",2,5,"costales",1,,"desecho",8,"NA","NA","regala",2,,8974,"CARNES TEPEYAC","31 a 50 personas","Comercio al por menor de carnes rojas / aves ","Fijo","Terciario"
"32-04-68-91","0e5dcf441b06430296cf2dbd91052e96",4,1,"cebo",100,2,,100,2,,1,,"desecho",8,"NA","NA","vende",2,,8974,"CARNES TEPEYAC","31 a 50 personas","Comercio al por menor de carnes rojas / aves ","Fijo","Terciario"
"32-04-68-91","0e5dcf441b06430296cf2dbd91052e96",4,2,"Huesos",100,2,,100,2,,1,,"Desechan",8,"NA","NA","vende",1,"imagen_res___4-1.jpg",8974,"CARNES TEPEYAC","31 a 50 personas","Comercio al por menor de carnes rojas / aves ","Fijo","Terciario"
"13-89-84-35","473ea3f44567492f9a50d38100d0762d",1,1,"jitomate",500,1,,500,1,,1,,"maltratado",8,"NA","NA","snexod",1,"imagen_res___1-0.jpg",14502,"FRUTERÍA EL CALÍ","0 a 5 personas","Comercio al por menor de frutas y verduras frescas","Fijo","Terciario"
"13-89-84-35","473ea3f44567492f9a50d38100d0762d",1,2,"guayaba",2500,1,,2500,1,,2,,"maduración excesiva",4,"NA","NA",,1,"imagen_res___1-1.jpg",14502,"FRUTERÍA EL CALÍ","0 a 5 personas","Comercio al por menor de frutas y verduras frescas","Fijo","Terciario"
"13-89-84-35","473ea3f44567492f9a50d38100d0762d",1,3,"hojas de elote",10,2,,10,2,,1,,"no son comestibles",8,"NA","NA","donación",1,"imagen_res___1-2.jpg",14502,"FRUTERÍA EL CALÍ","0 a 5 personas","Comercio al por menor de frutas y verduras frescas","Fijo","Terciario"
"01-94-17-72","06646be259914374be344401f7fa2113",5,1,"merma de alimentos",60,2,,0,"NA",,1,,"no se ocupa para la venta",8,"NA","NA","Lo regalan para creadero de animales",2,,40833,"TACOS DE CANASTA SI SEÑOR","0 a 5 personas","Restaurantes / servicio de preparación de alimentos / Cafeterías y similares","Fijo","Terciario"
"29-98-77-65","120f5942ede34c539cbe4b8b10245b50",2,1,"pan",2,2,,0,"NA",,1,,"sequebra",8,"NA","NA","regala",1,"imagen_res___2-0.jpg",569,"PANADERÍA DON EMILIANO","6 a 10 personas","Panificación tradicional / Elaboración de galletas y pastas para sopa ","Fijo","Secundario"
"29-98-77-65","120f5942ede34c539cbe4b8b10245b50",2,2,"harina",2,2,,2,2,,1,,"se queda y no acompleja la tanda para hornear",4,"NA","NA",,2,,569,"PANADERÍA DON EMILIANO","6 a 10 personas","Panificación tradicional / Elaboración de galletas y pastas para sopa ","Fijo","Secundario"
"01-28-97-08","1ffa0c97708342d78431cc7dedd9c607",1,1,"coco",160,2,,0,"NA",,2,,"no comestibles",8,"NA","NA","se usan en ladrilleras como combustible",1,"imagen_res___1-0.jpg",99999134,"NA","NA","NA","NA","NA"
"69-55-14-11","32889765b21440339bceee5a9f8dd6ff",1,1,"mezcla de cáscara de frutas",1500,1,,0,"NA",,1,,"no es para consumo",8,"NA","NA","lo regala para alimentos de animales",2,,99999537,"NA","NA","NA","NA","NA"
"70-85-90-36","25ad39bc3dc348309e0f3426ab0f0df6",1,1,"naranja",5,2,,5,2,,1,,"##N/A##",4,"NA","NA",,1,"##N/A##",99999529,"NA","NA","NA","NA","NA"
"70-85-90-36","25ad39bc3dc348309e0f3426ab0f0df6",1,2,"zanahoria",8,2,,8,2,,1,,"no son comestibles","NA","NA","NA",,"NA",,99999529,"NA","NA","NA","NA","NA"
"71-80-89-44","218c6a9a6559454aadd89c2bd579a6bf",3,1,"mariscos y pescados",0,"NA",,"NA","NA",,"NA",,,"NA","NA","NA",,"NA",,12247,"ATLÁNTICO","0 a 5 personas","Comercio al por menor de pescados y mariscos","Fijo","Terciario"
"22-10-73-98","3aa84832399d449db3923207e95ab925",5,1,"Mezcla de residuos animales y vegetales  dejados por los clientes después de comer ahí. También ahí están mezclados otros tipos de residuos, tales como papel, pet, plástico, etcétera.",30,2,,30,2,,1,,"Residuos dejados por los clientes después de comer ahí.",4,"NA","NA",,1,"imagen_res___5-0.jpg",99999331,"NA","NA","NA","NA","NA"
"48-47-20-51","2a48fcc59e5c4bc0a79e5da15e60e438",1,1,"cascara de pepino y sandia",60,2,,60,2,,1,,"limpieza de fruta",4,"NA","NA",,2,,99999427,"NA","NA","NA","NA","NA"
"26-48-70-91","382779ea49d24189b9e54c83ea1bc834",4,1,"salchichas",200,1,,0,"NA",,1,,"no se vende al día de excivición",4,"NA","NA",,2,,6282325,"OXXO SUC. 50AUA-ABELARDORODRIGUEZAGU","6 a 10 personas","Comercio al por menor en minisupers","Fijo","Terciario"
"24-67-35-81","3be4454ed92e4e05b69cc9c5ce077a9b",1,1,"mezcla de vegetales y fruta",10,2,,0,"NA",,2,,"Los clientes muy selectivos",8,"NA","NA","Lo regalan a un anexo",2,,41280,"FRUTERÍA CALIFORNIA","0 a 5 personas","Comercio al por menor de frutas y verduras frescas","Fijo","Terciario"
"24-67-35-81","3be4454ed92e4e05b69cc9c5ce077a9b",3,1,"resto de pollo",3,2,,0,"NA",,2,,"se limpia el pollo",8,"NA","NA","Lo vende para alimento de perros",2,,41280,"FRUTERÍA CALIFORNIA","0 a 5 personas","Comercio al por menor de frutas y verduras frescas","Fijo","Terciario"
"47-44-56-58","3c9b32cc7a994ad2aaa37f9c56cf27f7",1,1,"frijol",2,2,,2,2,,1,,"productos q tienen humedad, gorgojos",4,"NA","NA",,1,"imagen_res___1-0.jpg",8292,"SEMILLAS Y CEREALES GARCÍA","0 a 5 personas","Comercio al por menor de semillas y granos alimenticios, especias y chiles secos","Fijo","Terciario"
"88-80-45-21","3dcb3ee319834e3ab9ff5b7d82b022b6",1,1,"cascara",1,5,"costal",1,5,"costal",1,,"##N/A##",2,"NA","NA",,1,"imagen_res___1-0.jpg",99999329,"NA","NA","NA","NA","NA"
"65-31-27-49","48238198b9c14622bc55ec80720660b6",1,1,"cascara de zanahoria, brocoli, cebolla, pepino",20,2,,20,2,,1,,"limpieza de verduras",8,"NA","NA","pasa una persona y recolecta los residuos ,  le pagan por recogerlo",1,"imagen_res___1-0.jpg",27688,"RESTAURANTE SHING WANG","0 a 5 personas","Restaurantes / servicio de preparación de alimentos / Cafeterías y similares","Fijo","Terciario"
"63-98-73-71","569f6a1be8a2404f89b947e8aa977f20",1,1,"cascara de papaya, limon, guayaba, caña, melon, jicama",30,2,,30,2,,1,,"limpieza de fruta",8,"NA","NA","pasan a recogerlos, consumo animal",2,,99999426,"NA","NA","NA","NA","NA"
"70-15-01-95","3e0454fc3af64146b5859f757b7ac156",1,1,"cascara de zanahoria, limon, naranja, aguacate",100,2,,100,2,,2,,"preparacion de  alimentos",8,"NA","NA","pasan a recogerlo",1,"imagen_res___1-0.jpg",8295,"RESTAURANTE CARNITAS MORA","11 a 30 personas","Restaurantes / servicio de preparación de alimentos / Cafeterías y similares","Fijo","Terciario"
"70-15-01-95","3e0454fc3af64146b5859f757b7ac156",2,1,"revoltura de comida",25,2,,25,2,,1,,"sobrante de los alimentos de los clientes",8,"NA","NA","pasa una persona y se lo lleva",2,,8295,"RESTAURANTE CARNITAS MORA","11 a 30 personas","Restaurantes / servicio de preparación de alimentos / Cafeterías y similares","Fijo","Terciario"
"19-37-12-46","5b9fd12ff2084b83b3c667c379c8be7a",3,1,"carnes rojas",6,2,,6,2,,1,,"no comestibles humano",8,"NA","NA","se vende",1,"imagen_res___3-0.jpg",14490,"CARNICERÍA EL 4","0 a 5 personas","Comercio al por menor de carnes rojas / aves ","Fijo","Terciario"
"03-05-58-94","58508653032d427990bea8c7b490a491",1,1,"cascara pepino, limon,lechuga, jitomate",250,1,,250,1,,2,,"el sobrante",4,"NA","NA",,2,,28013,"MINISÚPER DON BARATÓN","0 a 5 personas","Comercio al por menor en minisupers","Fijo","Terciario"
"54-02-77-84","5554630de12b4c14bd01e13b3199840b",3,1,"Hueso",400,2,,0,"NA",,2,,"desecho",8,"NA","NA","Lo vende",1,"imagen_res___3-0.jpg",6281495,"LA GRANJA DE MANOLO","11 a 30 personas","Comercio al por mayor de carnes","Fijo","Terciario"
"67-66-26-98","407802c9052b4a7ea064d07e9ce8b6e3",1,1,"Cáscara y gabazo de naranja.",6,2,,6,2,,1,,"Es lo que queda después de la extracción del jugo de naranja.",2,"NA","NA",,1,"imagen_res___1-0.jpg",5762,"SÚPER MARKET LAS FUENTES","11 a 30 personas","Comercio al por menor en minisupers","Fijo","Terciario"
"67-66-26-98","407802c9052b4a7ea064d07e9ce8b6e3",1,2,"Gabazo de zanahoria.",4,2,,4,2,,1,,"Es el residuo que queda después de extraer el jugo de la zanahoria.",2,"NA","NA",,2,,5762,"SÚPER MARKET LAS FUENTES","11 a 30 personas","Comercio al por menor en minisupers","Fijo","Terciario"
"39-31-37-02","5e750539241d459fbace3923813079f0",1,1,"Cascara naranja",10,2,,10,2,,1,,"Preparar jugos",2,"NA","NA",,2,,99999431,"NA","NA","NA","NA","NA"
"26-48-02-56","589f733ce0164ce0a9a691c442993bd1",1,1,"vegetal crudo",1,2,,0,"NA",,1,,"no es parte del platillo",4,"NA","NA",,2,,6282167,"STAR MEDICA SA DE CV","101 a 250 personas","Hospitales generales del sector privado o público","Fijo","Terciario"
"26-48-02-56","589f733ce0164ce0a9a691c442993bd1",5,1,"resto de comida",1500,1,,0,"NA",,1,,"es lo dejan los pacientes",4,"NA","NA",,2,,6282167,"STAR MEDICA SA DE CV","101 a 250 personas","Hospitales generales del sector privado o público","Fijo","Terciario"
"86-98-20-49","419de24cb06a48acbf10edc71ef4876e",3,1,"pollo",2,2,,2,2,,1,,"la gente no lo compra",8,"NA","NA","lo regalan",1,"imagen_res___3-0.jpg",14501,"POLLERÍA MARTÍNEZ","0 a 5 personas","Comercio al por menor de carnes rojas / aves ","Fijo","Terciario"
"78-08-56-55","6129d0963c1748bd83f0147956e94b2c",1,1,"Mezcla de migajón de bolillos, cáscara de jitomate, venas y semillas de varios tipos de chiles, etcétera.",5,2,,5,2,,1,,"Residuos producidos durante la preparación de los alimentos.",8,"NA","NA","Vienen personas y se llevan dichos residuos, desconociéndose el destino que le dan.",1,"imagen_res___1-0.jpg",937,"LONCHERÍA BOULEVARD","0 a 5 personas","Restaurantes / servicio de preparación de alimentos / Cafeterías y similares","Fijo","Terciario"
"78-08-56-55","6129d0963c1748bd83f0147956e94b2c",1,2,"Cáscaras de naranja, gabazo de zanahoria, cáscaras de plátano y restos de piña.",40,2,,40,2,,1,,"Son residuos de la preparación de jugos y licuados.",8,"NA","NA","Pasan personas que se los llevan, desconociéndose el uso que ellos le den.",2,,937,"LONCHERÍA BOULEVARD","0 a 5 personas","Restaurantes / servicio de preparación de alimentos / Cafeterías y similares","Fijo","Terciario"
"78-08-56-55","6129d0963c1748bd83f0147956e94b2c",5,1,"Residuos alimenticios vegetales y animales de los comensales.",1,2,,1,2,,1,,"Es lo que los clientes ya no se comen y dejan en sus platos.",2,"NA","NA",,2,,937,"LONCHERÍA BOULEVARD","0 a 5 personas","Restaurantes / servicio de preparación de alimentos / Cafeterías y similares","Fijo","Terciario"
"77-74-10-53","6187b8c4c0fe47a493b63448174ae004",5,1,"varios",1,5,"no hay una medida apropiada",0,"NA",,5,"anual","caduca",8,"NA","NA","consumo propio o regalar",2,,34261,"MEAT & FISH","0 a 5 personas","Comercio al por menor de pescados y mariscos","Fijo","Terciario"
"39-20-84-48","628ae84cf23945da90ffd52772ffaf25",1,1,"cáscara de naranjas",10,2,,10,2,,1,,"Solo se vende el jugo",4,"NA","NA",,1,"imagen_res___1-0.jpg",99999528,"NA","NA","NA","NA","NA"
"23-96-89-48","65622fc1d42b46ec94e1e533f9811bac",1,1,"cascara de coco",4,2,,4,2,,1,,"limpieza del coco",2,"NA","NA",,1,"imagen_res___1-0.jpg",99999434,"NA","NA","NA","NA","NA"
"74-52-96-60","8857e5b4b4a34d97b0fc056002848515",1,1,"mezcla de fruta y verdura",20,2,,0,"NA",,5,"cada tercer día","maduros",8,"NA","NA","anexos",1,"imagen_res___1-0.jpg",16543,"FRUTERÍA Y VERDULERÍA LA GÜERA","0 a 5 personas","Comercio al por menor de frutas y verduras frescas","Fijo","Terciario"
"53-98-17-94","77f9f66aa8e948ffa2df0aa7d9946aca",1,1,"pieles frescas de uva",400,2,,400,2,,5,"anual","proceso de elaboracion",2,"NA","NA",,2,,6758020,"VINÍCOLA SANTA ELENA DE AGUASCALIENTES SA DE CV","11 a 30 personas","Bebidas","Fijo","Secundario"
"53-98-17-94","77f9f66aa8e948ffa2df0aa7d9946aca",2,1,"orujo o piel procesada",300,2,,300,2,,5,"anual","proceso de la uva",5,"NA","NA",,1,"imagen_res___2-0.jpg",6758020,"VINÍCOLA SANTA ELENA DE AGUASCALIENTES SA DE CV","11 a 30 personas","Bebidas","Fijo","Secundario"
"60-39-94-75","65f14215ce354a648d944a1b26388e8e",3,1,"piel del pollo",10,2,,0,"NA",,1,,"por salud porque tiene grasa",4,"NA","NA",,1,"imagen_res___3-0.jpg",36357,"POLLERÍA EL GÜUERO","0 a 5 personas","Comercio al por menor de carnes rojas / aves ","Fijo","Terciario"
"20-14-05-33","7d660897386f4f139c3923ac964c6e03",5,1,"mezcla de cáscaras de huevo, harina y plásticos",1,1,,0,"NA",,1,,"no sé requieren para la preparación",4,"NA","NA",,1,"imagen_res___5-0.jpg",16469,"PASTELERÍA SAN ÁNGEL","0 a 5 personas","Panificación tradicional / Elaboración de galletas y pastas para sopa ","Fijo","Secundario"
"20-14-05-33","7d660897386f4f139c3923ac964c6e03",5,2,"corte de pastel",1,2,,0,"NA",,1,,"caduca",4,"NA","NA",,2,,16469,"PASTELERÍA SAN ÁNGEL","0 a 5 personas","Panificación tradicional / Elaboración de galletas y pastas para sopa ","Fijo","Secundario"
"89-14-96-44","78490e7890d34bb6b026b459ed0cb9aa",1,1,"guayabas",2,2,,0,"NA",,1,,"se echa a perder",2,"NA","NA",,1,"imagen_res___1-0.jpg",551,"TORTILLERÍA LA PLANTA","0 a 5 personas","Elaboración de tortillas de maíz y molienda de nixtamal","Fijo","Secundario"
"89-14-96-44","78490e7890d34bb6b026b459ed0cb9aa",2,1,"masa",5,2,,0,"NA",,1,,"desecho",2,"NA","NA",,1,"imagen_res___2-0.jpg",551,"TORTILLERÍA LA PLANTA","0 a 5 personas","Elaboración de tortillas de maíz y molienda de nixtamal","Fijo","Secundario"
"06-88-03-86","6e951b960a744281bbcc9e8122194798",1,1,"cáscara de tuna",10,5,"cajas",0,"NA",,1,,"no es parte de la venta",8,"NA","NA","la regalan para alimentos de animales",1,"imagen_res___1-0.jpg",99999535,"NA","NA","NA","NA","NA"
"27-28-56-37","807e4b5284374d7cb583837664a364ed",1,1,"cascara de limon, pepino, cebolla",3,2,,3,2,,1,,"limpieza de verdura",4,"NA","NA",,2,,99999424,"NA","NA","NA","NA","NA"
"62-18-97-69","8f1154323d83496dbe9b46ebc1e63ee1",3,1,"suero descremado",5000,4,,0,"NA",,1,,"parte de la producción",8,"NA","NA","lo regala para creadero de animales",2,,4510,"CREMERÍA LAS FLORES","6 a 10 personas","Comercio al por menor de leche, otros productos lácteos y embutidos","Fijo","Terciario"
"62-18-97-69","8f1154323d83496dbe9b46ebc1e63ee1",4,1,"resto de crema",7,4,,0,"NA",,1,,"parte de la producción",8,"NA","NA","lo regala a un empleado",2,,4510,"CREMERÍA LAS FLORES","6 a 10 personas","Comercio al por menor de leche, otros productos lácteos y embutidos","Fijo","Terciario"
"52-81-44-27","6e994d425a7e466f8c692362ae2c838a",3,1,"huesos de pollo",5,2,,5,2,,1,,"limpieza de la carne",8,"NA","NA","pasa una persona por el residuo",1,"imagen_res___3-0.jpg",51657,"CARNICERÍA LALO","0 a 5 personas","Comercio al por menor de carnes rojas / aves ","Fijo","Terciario"
"20-39-37-73","79ec66871bec427caea85b9c1ed482d9",3,1,"residuos de pescado",500,1,,500,1,,1,,"limpieza del pescado",2,"NA","NA",,2,,29226,"ACUÍCOLA SANTA ROSA","0 a 5 personas","Comercio al por menor de pescados y mariscos","Fijo","Terciario"
"20-39-37-73","79ec66871bec427caea85b9c1ed482d9",3,2,"residuos de conejo",250,1,,250,1,,1,,"limpieza de conejo",2,"NA","NA",,2,,29226,"ACUÍCOLA SANTA ROSA","0 a 5 personas","Comercio al por menor de pescados y mariscos","Fijo","Terciario"
"84-57-22-39","8541b60d9cd74da0ac8d4fc90aae724e",5,1,"restos de comida",1,2,,1,2,,1,,"ya no se come",8,"NA","NA","se lo lleva para regalarlos",1,"imagen_res___5-0.jpg",99999532,"NA","NA","NA","NA","NA"
"15-59-22-15","9269591b3ea1407fbf1107e42892b167",3,1,"vísceras, cartílagos, escamas",4,2,,4,2,,1,,"limpieza del pescado",4,"NA","NA",,1,"imagen_res___3-0.jpg",19033,"PESCADERÍA PUERTO VALLARTA","0 a 5 personas","Comercio al por menor de pescados y mariscos","Fijo","Terciario"
"18-90-43-80","929bc7da4c964c1bbfbd939c4169e468",1,1,"cebolla",4,2,,4,2,,2,,"limpieza de cebolla",4,"NA","NA",,1,"imagen_res___1-0.jpg",48987,"TACOS EL PATRÓN","0 a 5 personas","Restaurantes / servicio de preparación de alimentos / Cafeterías y similares","Fijo","Terciario"
"82-35-97-71","b8b42e0212e440769a3872a0649768ee",1,1,"Hojas de elote",12,2,,12,2,,1,,"Deshojar elotes",2,"NA","NA",,2,,99999433,"NA","NA","NA","NA","NA"
"13-19-43-16","a462a10fa2d149f489030ac63d11bf12",5,1,"mezcla de vegetales y panadería",10,2,,0,"NA",,1,,"no es apta para su venta",4,"NA","NA",,1,"imagen_res___5-0.jpg",6311718,"BA EXPRESS FRACC DEL VALLE 5409","11 a 30 personas","Comercio al por menor en supermercados","Fijo","Terciario"
"87-92-33-12","9337cb1d4d5e4e2ca771488176f01c9c",1,1,"cáscara de naranja y toronja",20,2,,0,"NA",,1,,"no es parte de la venta",8,"NA","NA","lo regala para alimentos de vacas",1,"imagen_res___1-0.jpg",99999538,"NA","NA","NA","NA","NA"
"87-92-33-12","9337cb1d4d5e4e2ca771488176f01c9c",1,2,"gabazo de zanahoria y betabel",10,2,,0,"NA",,1,,"no es para su consumo",8,"NA","NA","lo regala para alimentos de caballo",1,"imagen_res___1-1.jpg",99999538,"NA","NA","NA","NA","NA"
"51-25-43-27","bd8c47585b484cf2b74f26de164abb71",1,1,"cáscara de naranja y gabazo de zanahoria",7,2,,0,"NA",,1,,"no es para su consumo",4,"NA","NA",,1,"imagen_res___1-0.jpg",99999534,"NA","NA","NA","NA","NA"
"60-62-73-58","981dfa4715324a048a3563eda0ed81dd",1,1,"naranja, zanahoria",20,2,,20,2,,1,,"porque son cáscaras",4,"NA","NA",,1,"##N/A##",99999540,"NA","NA","NA","NA","NA"
"25-18-18-25","a5656814aadc403ca652dbd0b8402d4d",1,1,"varios",60,2,,0,"NA",,1,,"desecho",2,"NA","NA",,1,"imagen_res___1-0.jpg",99999330,"NA","NA","NA","NA","NA"
"25-18-18-25","a5656814aadc403ca652dbd0b8402d4d",1,2,"corona de piñas",6,5,"piezas",6,5,"piezas",1,,"desecho",4,"NA","NA",,2,,99999330,"NA","NA","NA","NA","NA"
"80-19-48-86","a5f4be7db1ad4d51bddceb1d97abd155",1,1,"hoja de elote",90,2,,0,"NA",,1,,"no es parte de la venta",8,"NA","NA","lo regala para alimentos de animales",1,"imagen_res___1-0.jpg",99999539,"NA","NA","NA","NA","NA"
"99-14-54-89","af5b108067c1450ba18aa896465cd922",5,1,"Follaje de flor",3,2,,3,2,,1,,"poda de flores",4,"NA","NA",,1,"imagen_res___5-0.jpg",99999437,"NA","NA","NA","NA","NA"
"31-64-28-56","c3d36b0834c34d238c52b3ff1f6c6961",1,1,"Mezcla de  residuos de manzana, chayote, zanahoria, melón, plátano, calabaza, lechuga, jitomate, aguacate, etcétera.",200,1,,200,1,,1,,"Son residuos desechados durante la preparación de los alimentos en la cocina.",4,"NA","NA",,2,,5688,"CENTRO MÉDICO LA SALUD","31 a 50 personas","Hospitales generales del sector privado o público","Fijo","Terciario"
"31-64-28-56","c3d36b0834c34d238c52b3ff1f6c6961",2,1,"Verduras cocidas.",200,1,,200,1,,1,,"Son partes no comestibles.",4,"NA","NA",,2,,5688,"CENTRO MÉDICO LA SALUD","31 a 50 personas","Hospitales generales del sector privado o público","Fijo","Terciario"
"31-64-28-56","c3d36b0834c34d238c52b3ff1f6c6961",3,1,"Huesos que se retiran antes de cocer la carne.",100,1,,100,1,,3,,"No son comestibles.",4,"NA","NA",,2,,5688,"CENTRO MÉDICO LA SALUD","31 a 50 personas","Hospitales generales del sector privado o público","Fijo","Terciario"
"31-64-28-56","c3d36b0834c34d238c52b3ff1f6c6961",4,1,"Huesos de pollo ya cocinado.",150,1,,150,1,,5,"Cada tercer día.","Son no comestibles.",4,"NA","NA",,2,,5688,"CENTRO MÉDICO LA SALUD","31 a 50 personas","Hospitales generales del sector privado o público","Fijo","Terciario"
"31-64-28-56","c3d36b0834c34d238c52b3ff1f6c6961",5,1,"Mezcla de residuos vegetales y animales dejados después de comer los pacientes y los empleados.",2,2,,2,2,,1,,"Los pacientes y los empleados ya no se los comen y los dejan.",4,"NA","NA",,1,"imagen_res___5-0.jpg",5688,"CENTRO MÉDICO LA SALUD","31 a 50 personas","Hospitales generales del sector privado o público","Fijo","Terciario"
"22-93-40-85","c5f2b90ab6754be19747c2b28f1320ce",5,1,"Desechos de comida de los comensales",3,2,,3,2,,2,,"Fiestas",4,"NA","NA",,2,,7565,"LA CASA ROSA","0 a 5 personas","Restaurantes / servicio de preparación de alimentos / Cafeterías y similares","Fijo","Terciario"
"48-73-84-21","a1465091ada74e7daee07a61ce7bda3b",1,1,"Mezcla de vegetales.",5,2,,5,2,,1,,"Sobrantes de la preparación de los alimentos a vender.",2,"NA","NA",,2,,34567,"FRUTERÍA LOS COMPADRES","0 a 5 personas","Comercio al por menor de frutas y verduras frescas","Fijo","Terciario"
"48-73-84-21","a1465091ada74e7daee07a61ce7bda3b",1,2,"Residuos de naranjas y zanahorias.",10,2,,10,2,,1,,"Residuos dejados después de la preparación de jugos.",4,"NA","NA",,1,"imagen_res___1-1.jpg",34567,"FRUTERÍA LOS COMPADRES","0 a 5 personas","Comercio al por menor de frutas y verduras frescas","Fijo","Terciario"
"48-73-84-21","a1465091ada74e7daee07a61ce7bda3b",5,1,"Mezcla de residuos vegetales y animales dejados por los clientes después de comer.",1,2,,1,2,,1,,"Dejados por los clientes después de comer en el establecimiento.",2,"NA","NA",,2,,34567,"FRUTERÍA LOS COMPADRES","0 a 5 personas","Comercio al por menor de frutas y verduras frescas","Fijo","Terciario"
"19-67-71-65","b139c155fe0a4e0c9e1148dbdc456530",2,1,"Tortillas dobladas y restos de harina procesada.",8,2,,8,2,,1,,"Las tortillas dobladas no se venden por razones de calidad para el consumidor; mientras que los restos de harina procesada, son parte del proceso de producción de las tortillas.",2,"NA","NA",,1,"imagen_res___2-0.jpg",41438,"TORTILLERÍA EL ANDADOR","0 a 5 personas","Elaboración de tortillas de maíz y molienda de nixtamal","Fijo","Secundario"
"19-67-71-65","b139c155fe0a4e0c9e1148dbdc456530",2,2,"Tortillas sobrantes que no se venden al final del día.",6,2,,0,"NA",,1,,"Son tortillas que al final del día quedan sin venderse.",7,6,2,,2,,41438,"TORTILLERÍA EL ANDADOR","0 a 5 personas","Elaboración de tortillas de maíz y molienda de nixtamal","Fijo","Secundario"
"27-42-58-51","df06179182c54521a1e4946a077a270d",1,1,"cascara de pepino, sandia, naranja, melon, mango",15,2,,15,2,,1,,"limpieza de fruta",2,"NA","NA",,2,,99999428,"NA","NA","NA","NA","NA"
"17-23-45-49","a315ffdb0625489495523aaf36dd9a71",1,1,"Sobrante de jitomate",1500,1,,1500,1,,2,,"El sobrante del jitomate",4,"NA","NA",,2,,6282263,"OXXO SUC. 50PEE-PERALES AGU","6 a 10 personas","Comercio al por menor en minisupers","Fijo","Terciario"
"17-23-45-49","a315ffdb0625489495523aaf36dd9a71",5,1,"Cafe",34000,1,,34000,1,,2,,"Preparacion de cafe",4,"NA","NA",,2,,6282263,"OXXO SUC. 50PEE-PERALES AGU","6 a 10 personas","Comercio al por menor en minisupers","Fijo","Terciario"
"15-06-32-21","e1b86da4db364a87b747f1b1f8c46deb",1,1,"durazno","NA","NA",,"NA","NA",,"NA",,,5,"NA","NA",,2,,6875974,"DURAZNOS MONTE REAL","31 a 50 personas","Cultivo de frutas / vegetales","Fijo","Primario"
"87-67-17-86","d0a1f01dfea14f27ba3c66147db8583a",1,1,"mezcla de alimentos",1,5,"bote un metro por 40",0,"NA",,1,,"residuos",8,"NA","NA","regalan a una persona para comida de puercos",1,"imagen_res___1-0.jpg",41320,"ESTANCIA INFANTIL PEQUEÑOS TRAVIESOS","31 a 50 personas","Guarderías del sector privado o público","Fijo","Terciario"
"87-67-17-86","d0a1f01dfea14f27ba3c66147db8583a",1,2,"##N/A##","NA","NA",,"NA","NA",,"NA",,,"NA","NA","NA",,"NA",,41320,"ESTANCIA INFANTIL PEQUEÑOS TRAVIESOS","31 a 50 personas","Guarderías del sector privado o público","Fijo","Terciario"
"69-25-05-13","e22f7281317049f3898f95329b3b768c",1,1,"cascara de pepino, naranja, piña,sandia, papaya, melon, toron ja, platano, manzana, pera",50,2,,50,2,,1,,"limpieza de la fruta",8,"NA","NA","el proveedor recoge los residuos",1,"imagen_res___1-0.jpg",10355,"CLÍNICA HOSPITAL NÚMERO 2","251 y más personas","Hospitales generales del sector privado o público","Fijo","Terciario"
"66-96-44-94","d1d2728ce78a4c2abcb3da3f5720bf90",1,1,"mezcla",11224,3,,11224,3,,5,"anual 2018","Parte de proceso de corte",5,"NA","NA",,2,,6280911,"LA HUERTA","251 y más personas","Industria alimentaria","Fijo","Secundario"
"66-96-44-94","d1d2728ce78a4c2abcb3da3f5720bf90",2,1,"mezcla",8900,3,,8900,3,,5,"anual 2018","Proceso",5,"NA","NA",,2,,6280911,"LA HUERTA","251 y más personas","Industria alimentaria","Fijo","Secundario"
"66-96-44-94","d1d2728ce78a4c2abcb3da3f5720bf90",4,1,"varios",50,2,,50,2,,5,"anual","caduca",8,"NA","NA","Destrucción",2,,6280911,"LA HUERTA","251 y más personas","Industria alimentaria","Fijo","Secundario"
"66-96-44-94","d1d2728ce78a4c2abcb3da3f5720bf90",5,1,"cosecha no levantada",20000,3,,20000,3,,4,,"Se pierde la cosecha",8,"NA","NA","se que en la tabla",2,,6280911,"LA HUERTA","251 y más personas","Industria alimentaria","Fijo","Secundario"
"22-07-32-82","d4fed762504b4d069f64e088d7f8f372",1,1,"cebolla",200,1,,0,"NA",,5,"cada tercer día","parte de la preparación",4,"NA","NA",,1,"imagen_res___1-0.jpg",1249,"BIRRIERÍA LOS PEPES","0 a 5 personas","Restaurantes / servicio de preparación de alimentos / Cafeterías y similares","Fijo","Terciario"
"22-07-32-82","d4fed762504b4d069f64e088d7f8f372",4,1,"huesos",4,2,,4,2,,1,,"no se consume",8,"NA","NA","lo regala para un perro",2,,1249,"BIRRIERÍA LOS PEPES","0 a 5 personas","Restaurantes / servicio de preparación de alimentos / Cafeterías y similares","Fijo","Terciario"
"76-78-39-65","e2384bfb8499416588876acf639bb577",2,1,"chayote",4,2,,"NA","NA",,1,,"Los niños no se lo comen",4,"NA","NA",,1,"imagen_res___2-0.jpg",24216,"ESTANCIA DE BIENESTAR Y DESARROLLO INFANTIL NÚMERO 102","31 a 50 personas","Guarderías del sector privado o público","Fijo","Terciario"
"32-18-32-76","eb616622ccdd48c0ac270ee4b9e79363",1,1,"mezcla de verduras",100,1,,100,1,,1,,"no sé vendió al día",8,"NA","NA","consumo personal",1,"imagen_res___1-0.jpg",99999533,"NA","NA","NA","NA","NA"
"64-09-01-53","f3a157b9cec644f3af5825a515ae208b",1,1,"cáscara de naranja y limón",40,2,,0,"NA",,1,,"no es parte de la venta",4,"NA","NA",,1,"imagen_res___1-0.jpg",99999536,"NA","NA","NA","NA","NA"
"78-93-31-45","e698762e18fa44f485bd5463698b969a",2,1,"tortillas",1,2,,1,2,,1,,"desecho que dejan los clientes",8,"NA","NA","pasan a recoger los desechos",1,"imagen_res___2-0.jpg",99999425,"NA","NA","NA","NA","NA"
"31-01-70-00","e7fc04d2dd944638912eaec34924cfe1",1,1,"mezcla de vegetales",5,2,,5,2,,1,,"preparacion de alimentos y residuos de los clientes",4,"NA","NA",,2,,8221,"COFFEE DHAY","0 a 5 personas","Restaurantes / servicio de preparación de alimentos / Cafeterías y similares","Fijo","Terciario"
"65-51-61-06","f228089ced0b4db5bc9c33c4a33a0cd7",1,1,"mezcla de verduras",20,2,,0,"NA",,1,,"parte de la preparación",8,"NA","NA","lo regala para cria de animales",1,"imagen_res___1-0.jpg",1168,"CARNITAS SAN PANCHO","11 a 30 personas","Restaurantes / servicio de preparación de alimentos / Cafeterías y similares","Fijo","Terciario"
"65-51-61-06","f228089ced0b4db5bc9c33c4a33a0cd7",4,1,"manteca de cerdo",600,2,,0,"NA",,4,,"ya no es comestible",8,"NA","NA","lo vende para alimentos",1,"imagen_res___4-0.jpg",1168,"CARNITAS SAN PANCHO","11 a 30 personas","Restaurantes / servicio de preparación de alimentos / Cafeterías y similares","Fijo","Terciario"
"78-93-50-99","f7a32ec224c347f8b394e29cecddc24b",1,1,"hojas de lechuga",10,2,,10,2,,1,,"limpieza del vegetal",2,"NA","NA",,1,"imagen_res___1-0.jpg",8249,"FRUTAS FINAS VALENCIANO","0 a 5 personas","Comercio al por menor de frutas y verduras frescas","Fijo","Terciario"
"78-93-50-99","f7a32ec224c347f8b394e29cecddc24b",1,2,"espinas de nopal",5,2,,5,2,,1,,"limpieza del nopal",4,"NA","NA",,1,"imagen_res___1-1.jpg",8249,"FRUTAS FINAS VALENCIANO","0 a 5 personas","Comercio al por menor de frutas y verduras frescas","Fijo","Terciario"
"78-93-50-99","f7a32ec224c347f8b394e29cecddc24b",1,3,"hoja de coliflor",5,2,,5,2,,1,,"limpieza de la coliflor",2,"NA","NA",,1,"imagen_res___1-2.jpg",8249,"FRUTAS FINAS VALENCIANO","0 a 5 personas","Comercio al por menor de frutas y verduras frescas","Fijo","Terciario"
"78-93-50-99","f7a32ec224c347f8b394e29cecddc24b",1,4,"hojas de elote",6,2,,6,2,,1,,"limpieza del elote",2,"NA","NA",,1,"imagen_res___1-3.jpg",8249,"FRUTAS FINAS VALENCIANO","0 a 5 personas","Comercio al por menor de frutas y verduras frescas","Fijo","Terciario"
